<?xml version="1.0" encoding="UTF-8"?>
<rss version="2.0" xmlns:ror="http://rorweb.com/0.1/" >
<channel>
  <title>ROR Sitemap for https://seoulssclinic.framer.website/</title>
  <link>https://seoulssclinic.framer.website/</link>

<item>
     <link>https://seoulssclinic.framer.website/</link>
     <title>서울삼성의원</title>
     <description>1mm의 정밀함, 천안 최초 혈관전문 클리닉</description>
     <ror:updatePeriod></ror:updatePeriod>
     <ror:sortOrder>0</ror:sortOrder>
     <ror:resourceOf>sitemap</ror:resourceOf>
</item>
<item>
     <link>https://seoulssclinic.framer.website/%EC%98%A4%EC%8B%9C%EB%8A%94-%EA%B8%B8</link>
     <title>서울삼성의원</title>
     <description>1mm의 정밀함, 천안 최초 혈관전문 클리닉</description>
     <ror:updatePeriod></ror:updatePeriod>
     <ror:sortOrder>1</ror:sortOrder>
     <ror:resourceOf>sitemap</ror:resourceOf>
</item>
<item>
     <link>https://seoulssclinic.framer.website/%EC%A7%84%EB%A3%8C%EC%95%88%EB%82%B4</link>
     <title>서울삼성의원</title>
     <description>1mm의 정밀함, 천안 최초 혈관전문 클리닉</description>
     <ror:updatePeriod></ror:updatePeriod>
     <ror:sortOrder>1</ror:sortOrder>
     <ror:resourceOf>sitemap</ror:resourceOf>
</item>
<item>
     <link>https://seoulssclinic.framer.website/%EC%9D%98%EC%9B%90%EC%86%8C%EC%8B%9D_%EB%A6%AC%EC%8A%A4%ED%8A%B8</link>
     <title>서울삼성의원</title>
     <description>1mm의 정밀함, 천안 최초 혈관전문 클리닉</description>
     <ror:updatePeriod></ror:updatePeriod>
     <ror:sortOrder>1</ror:sortOrder>
     <ror:resourceOf>sitemap</ror:resourceOf>
</item>
<item>
     <link>https://seoulssclinic.framer.website/%EC%8B%9C%EC%84%A4%EB%91%98%EB%9F%AC%EB%B3%B4%EA%B8%B0</link>
     <title>서울삼성의원</title>
     <description>1mm의 정밀함, 천안 최초 혈관전문 클리닉</description>
     <ror:updatePeriod></ror:updatePeriod>
     <ror:sortOrder>1</ror:sortOrder>
     <ror:resourceOf>sitemap</ror:resourceOf>
</item>
<item>
     <link>https://seoulssclinic.framer.website/%EC%9B%90%EC%9E%A5%EC%86%8C%EA%B0%9C</link>
     <title>서울삼성의원</title>
     <description>1mm의 정밀함, 천안 최초 혈관전문 클리닉</description>
     <ror:updatePeriod></ror:updatePeriod>
     <ror:sortOrder>1</ror:sortOrder>
     <ror:resourceOf>sitemap</ror:resourceOf>
</item>
<item>
     <link>https://seoulssclinic.framer.website/%ED%88%AC%EC%84%9D%ED%98%88%EA%B4%80-%ED%81%B4%EB%A6%AC%EB%8B%89</link>
     <title>서울삼성의원</title>
     <description>1mm의 정밀함, 천안 최초 혈관전문 클리닉</description>
     <ror:updatePeriod></ror:updatePeriod>
     <ror:sortOrder>1</ror:sortOrder>
     <ror:resourceOf>sitemap</ror:resourceOf>
</item>
<item>
     <link>https://seoulssclinic.framer.website/%ED%95%98%EC%A7%80%EC%A0%95%EB%A7%A5%EB%A5%98</link>
     <title>서울삼성의원</title>
     <description>1mm의 정밀함, 천안 최초 혈관전문 클리닉</description>
     <ror:updatePeriod></ror:updatePeriod>
     <ror:sortOrder>1</ror:sortOrder>
     <ror:resourceOf>sitemap</ror:resourceOf>
</item>
<item>
     <link>https://seoulssclinic.framer.website/%EC%A0%95%EA%B3%84%EC%A0%95%EB%A7%A5%EB%A5%98</link>
     <title>서울삼성의원</title>
     <description>1mm의 정밀함, 천안 최초 혈관전문 클리닉</description>
     <ror:updatePeriod></ror:updatePeriod>
     <ror:sortOrder>1</ror:sortOrder>
     <ror:resourceOf>sitemap</ror:resourceOf>
</item>
<item>
     <link>https://seoulssclinic.framer.website/%EB%8F%84%EA%B4%80%EC%82%BD%EC%9E%85</link>
     <title>서울삼성의원</title>
     <description>1mm의 정밀함, 천안 최초 혈관전문 클리닉</description>
     <ror:updatePeriod></ror:updatePeriod>
     <ror:sortOrder>1</ror:sortOrder>
     <ror:resourceOf>sitemap</ror:resourceOf>
</item>
<item>
     <link>https://seoulssclinic.framer.website/%EC%84%9C%EC%9A%B8%EC%82%BC%EC%84%B1%EC%9D%98%EC%9B%90%EC%86%8C%EA%B0%9C</link>
     <title>서울삼성의원</title>
     <description>1mm의 정밀함, 천안 최초 혈관전문 클리닉</description>
     <ror:updatePeriod></ror:updatePeriod>
     <ror:sortOrder>1</ror:sortOrder>
     <ror:resourceOf>sitemap</ror:resourceOf>
</item>
<item>
     <link>https://seoulssclinic.framer.website/%EB%B9%84%EA%B8%89%EC%97%AC%EC%95%88%EB%82%B4</link>
     <title>서울삼성의원</title>
     <description>1mm의 정밀함, 천안 최초 혈관전문 클리닉</description>
     <ror:updatePeriod></ror:updatePeriod>
     <ror:sortOrder>1</ror:sortOrder>
     <ror:resourceOf>sitemap</ror:resourceOf>
</item>
<item>
     <link>https://seoulssclinic.framer.website/%EC%9D%98%EC%9B%90%EC%86%8C%EC%8B%9D_%EB%B3%B8%EB%AC%B8/2025%EB%85%84-6%EC%9B%94-%EC%8A%A4%EC%BC%80%EC%A4%84-%EA%B3%B5%EC%A7%80</link>
     <title>2025년 6월 스케줄 공지 - My Framer Site</title>
     <description>1mm의 정밀함, 천안 최초 혈관전문 클리닉</description>
     <ror:updatePeriod></ror:updatePeriod>
     <ror:sortOrder>2</ror:sortOrder>
     <ror:resourceOf>sitemap</ror:resourceOf>
</item>
<item>
     <link>https://seoulssclinic.framer.website/%EC%9D%98%EC%9B%90%EC%86%8C%EC%8B%9D_%EB%B3%B8%EB%AC%B8/2025%EB%85%84-5%EC%9B%94-%EA%B3%B5%ED%9C%B4%EC%9D%BC-%EC%9D%91%EA%B8%89%EC%8B%9C%EC%88%A0-%EA%B3%B5%EC%A7%80</link>
     <title>2025년 5월 공휴일 응급시술 공지 - My Framer Site</title>
     <description>1mm의 정밀함, 천안 최초 혈관전문 클리닉</description>
     <ror:updatePeriod></ror:updatePeriod>
     <ror:sortOrder>2</ror:sortOrder>
     <ror:resourceOf>sitemap</ror:resourceOf>
</item>
<item>
     <link>https://seoulssclinic.framer.website/%EC%9D%98%EC%9B%90%EC%86%8C%EC%8B%9D_%EB%B3%B8%EB%AC%B8/%EC%A0%9C1%ED%9A%8C-%EC%84%9C%EC%9A%B8%EC%82%BC%EC%84%B1%EC%9D%98%EC%9B%90-%EC%8B%AC%ED%8F%AC%EC%A7%80%EC%97%84</link>
     <title>제1회 서울삼성의원 심포지엄 - My Framer Site</title>
     <description>1mm의 정밀함, 천안 최초 혈관전문 클리닉</description>
     <ror:updatePeriod></ror:updatePeriod>
     <ror:sortOrder>2</ror:sortOrder>
     <ror:resourceOf>sitemap</ror:resourceOf>
</item>
<item>
     <link>https://seoulssclinic.framer.website/%EC%9D%98%EC%9B%90%EC%86%8C%EC%8B%9D_%EB%B3%B8%EB%AC%B8/2025-%EC%9D%84%EC%82%AC%EB%85%84-%ED%92%8D%EC%9A%94%EB%A1%9C%EC%9A%B4-%EC%84%A4%EB%82%A0-%EB%B3%B4%EB%82%B4%EC%84%B8%EC%9A%94</link>
     <title>2025 을사년 풍요로운 설날 보내세요. - My Framer Site</title>
     <description>1mm의 정밀함, 천안 최초 혈관전문 클리닉</description>
     <ror:updatePeriod></ror:updatePeriod>
     <ror:sortOrder>2</ror:sortOrder>
     <ror:resourceOf>sitemap</ror:resourceOf>
</item>
<item>
     <link>https://seoulssclinic.framer.website/%EC%9D%98%EC%9B%90%EC%86%8C%EC%8B%9D_%EB%B3%B8%EB%AC%B8/%EC%B6%A9%EB%AC%B4%EB%B3%91%EC%9B%90-%EA%B3%BC%EC%9E%A5%EB%8B%98%EB%93%A4%EA%BB%98%EC%84%9C-%EB%B0%A9%EB%AC%B8%ED%95%B4%EC%A3%BC%EC%85%A8%EC%8A%B5%EB%8B%88%EB%8B%A4</link>
     <title>충무병원 과장님들께서 방문해주셨습니다. - My Framer Site</title>
     <description>1mm의 정밀함, 천안 최초 혈관전문 클리닉</description>
     <ror:updatePeriod></ror:updatePeriod>
     <ror:sortOrder>2</ror:sortOrder>
     <ror:resourceOf>sitemap</ror:resourceOf>
</item>
<item>
     <link>https://seoulssclinic.framer.website/%EC%9D%98%EC%9B%90%EC%86%8C%EC%8B%9D_%EB%B3%B8%EB%AC%B8/%EA%B5%90%EC%88%98%EB%8B%98%EB%93%A4%EC%9D%98-%EA%B0%9C%EC%9B%90-%EC%B6%95%ED%95%98%EB%B0%A9%EB%AC%B8%EC%9D%B4-%EC%9E%88%EC%97%88%EC%8A%B5%EB%8B%88%EB%8B%A4</link>
     <title>교수님들의 개원 축하방문이 있었습니다. - My Framer Site</title>
     <description>1mm의 정밀함, 천안 최초 혈관전문 클리닉</description>
     <ror:updatePeriod></ror:updatePeriod>
     <ror:sortOrder>2</ror:sortOrder>
     <ror:resourceOf>sitemap</ror:resourceOf>
</item>
<item>
     <link>https://seoulssclinic.framer.website/%EC%9D%98%EC%9B%90%EC%86%8C%EC%8B%9D_%EB%B3%B8%EB%AC%B8/%ED%98%88%EA%B4%80%EC%A0%84%EB%AC%B8-%ED%81%B4%EB%A6%AC%EB%8B%89-%EC%84%9C%EC%9A%B8%EC%82%BC%EC%84%B1%EC%9D%98%EC%9B%90-%EC%A7%84%EB%A3%8C-%EC%8B%9C%EC%9E%91%ED%95%A9%EB%8B%88%EB%8B%A4</link>
     <title>혈관전문 서울삼성의원 진료 시작합니다. - My Framer Site</title>
     <description>1mm의 정밀함, 천안 최초 혈관전문 클리닉</description>
     <ror:updatePeriod></ror:updatePeriod>
     <ror:sortOrder>3</ror:sortOrder>
     <ror:resourceOf>sitemap</ror:resourceOf>
</item>
<item>
     <link>https://seoulssclinic.framer.website/%EC%9D%98%EC%9B%90%EC%86%8C%EC%8B%9D_%EB%B3%B8%EB%AC%B8/%EA%B3%B5%ED%9C%B4%EC%9D%BC-%EC%9D%91%EA%B8%89%EC%8B%9C%EC%88%A0-%EA%B0%80%EB%8A%A5%ED%95%A9%EB%8B%88%EB%8B%A4</link>
     <title>공휴일 응급시술 가능합니다. - My Framer Site</title>
     <description>1mm의 정밀함, 천안 최초 혈관전문 클리닉</description>
     <ror:updatePeriod></ror:updatePeriod>
     <ror:sortOrder>4</ror:sortOrder>
     <ror:resourceOf>sitemap</ror:resourceOf>
</item>
<item>
     <link>https://seoulssclinic.framer.website/%EC%9D%98%EC%9B%90%EC%86%8C%EC%8B%9D_%EB%B3%B8%EB%AC%B8/%EC%B9%98%EB%A3%8C-%ED%9B%84%EA%B8%B0-%EB%82%A8%EA%B2%A8%EC%A3%BC%EC%8B%9C%EB%A9%B4-%ED%83%80%EC%9B%94%EC%9D%84-%EB%93%9C%EB%A6%BD%EB%8B%88%EB%8B%A4</link>
     <title>치료 후기 남겨주시면 타월을 드립니다. - My Framer Site</title>
     <description>1mm의 정밀함, 천안 최초 혈관전문 클리닉</description>
     <ror:updatePeriod></ror:updatePeriod>
     <ror:sortOrder>5</ror:sortOrder>
     <ror:resourceOf>sitemap</ror:resourceOf>
</item>
<item>
     <link>https://seoulssclinic.framer.website/%EC%9D%98%EC%9B%90%EC%86%8C%EC%8B%9D_%EB%B3%B8%EB%AC%B8/%EC%84%9C%EC%9A%B8%EC%82%BC%EC%84%B1%EC%9D%98%EC%9B%90-%EA%B0%9C%EC%9B%90-%EC%86%8C%EC%8B%9D</link>
     <title>서울삼성의원 개원 소식 - My Framer Site</title>
     <description>1mm의 정밀함, 천안 최초 혈관전문 클리닉</description>
     <ror:updatePeriod></ror:updatePeriod>
     <ror:sortOrder>6</ror:sortOrder>
     <ror:resourceOf>sitemap</ror:resourceOf>
</item>
</channel>
</rss>
  